Handle,Title,Location Metafield
1-snapshot,#1 Snapshot 'Light Shift',
10-snapshot,#10 Snapshot 'Glimmering Path',
11-snapshot,#11 Snapshot 'Guiding Lights',
12-snapshot,#12 Snapshot 'Harbour Lights',
13-snapshot,#13 Snapshot 'On The Rocks',
14-snapshot,#14 Snapshot 'Quiet Descent',
15-snapshot,#15 Snapshot 'Sky Awakens',
16-snapshot,#16 Snapshot 'Pink Dawn',
17-snapshot,#17 Snapshot 'New Dawn',
18-snapshot,#18 Snapshot 'Soul's Light',
19-snapshot,#19 Snapshot 'Elemental Peace',
2snapshot,#2 Snapshot 'Shadow Dance',
20-snapshot,#20 Snapshot 'Beyond The Shore',
5-snapshot-1,#21 Snapshot 'Journey Home',
22-snapshot,#22 Snapshot 'Above It All',
23-snapshot,#23 Snapshot 'A Jewelled Sky',
24-snapshot,#24 Snapshot 'Timeless Flow',
25-snapshot-copy,#25 Snapshot 'Sky Ablaze',
26-snapshot,#26 Snapshot 'Reflected Thoughts',
27-snapshot,#27 Snapshot 'Water's Edge',
28-snapshot,"#28 Snapshot ""Dream Echo'",
29-snapshot,#29 Snapshot 'Full Moon Waters',
3-snapshot,#3 Snapshot 'Washed Anew',
30-snapshot-copy,#30 Snapshot 'A Natural High',
31-snapshot,#31 Snapshot 'A Skies Goodnight',
32-snapshot,#32 Snapshot 'June's Bounty',
33-snapshot,#33 Snapshot 'Last Reflections',
34-snapshot,#34 Snapshot 'Whispering Light',
35-snapshot,#35 Snapshot 'Sheltered Soul',
36-snapshot,#36 Snapshot 'Sweet Dreams',
37-snapshot,#37 Snapshot 'Dreamer's Light',
38-snapshot,#38 Snapshot 'A Life In Colour',
39-snapshot,#39 Snapshot 'Orange Kiss',
4-snapshot,#4 Snapshot 'Soft Recall',
50-snapshot-midsummer-copy,#40 Snapshot 'Litha Glow',
41-snapshot-heading-home,#41 Snapshot 'Heading Home',
42-snapshot-beyond-the-gorse,#42 Snapshot 'Beyond The Gorse',
45-snapshot-candy-kisses-copy,#43 Snapshot 'Passing Storm',
39-snapshot-orange-kiss-copy,#44 Snapshot 'Homeward Bound',
45-snapshot-candy-kisses,#45 Snapshot 'Candy Kisses',
46-snapshot-one-for-the-road,#46 Snapshot 'One For The Road',
47-snapshot-twilight-tribe,#47 Snapshot 'Twilight Tribe',
47-snapshot-twilight-tribe-copy,#48 Snapshot 'Parma Violet Sky',
48-snapshot-parma-violet-sky-copy,#49 Snapshot 'Call Your Mom',
5-snapshot,"#5 Snapshot ""Sky Canvas'",
50-snapshot-midsummer,#50 Snapshot 'Midsummer',
48-snapshot-parma-violet-sky-copy-1,#51 Snapshot 'Emerald Sky',
51-snapshot-emerald-sky-copy,#52 Snapshot 'All The Glitters',
52-snapshot-all-the-glitters-copy,#53 Snapshot 'Fever Dream',
53-snapshot-fever-dream-copy,#54 Snapshot 'One Last Song',
54-snapshot-one-last-song-copy,#55 Snapshot 'Orange Juice',
43-snapshot-passing-storm-copy,#56 Snapshot 'Encore',
53-snapshot-fever-dream-copy-1,#57 Snapshot 'Headliner',
58-snapshot-kettles-on,#58 Snapshot 'Kettle's On',
57-snapshot-headliner-copy,#59 Snapshot 'Sun Down',
6-snapshot,#6 Snapshot 'Pure Potential',
59-snapshot-sun-down-copy,#60 Snapshot 'Summer Nights',
61-snapshot-setting-sun,#61 Snapshot 'Setting Sun',
62-snapshot-tequila-sunrise,#62 Snapshot 'Tequila Sunrise',
63-snapshot-new-beginnings,#63 Snapshot 'New Beginnings',
64-snapshot-finding-us,#64 Snapshot 'Finding Us',
65-snapshot-always-here,#65 Snapshot 'Always Here',
65-snapshot-always-here-copy,#66 Snapshot 'Leading Light',
67-snapshot-blossom-skies,#67 Snapshot 'Blossom Skies',
68-snapshot-painted-skies,#68 Snapshot 'Painted Skies',
7-snapshot,#7 Snapshot 'Way Back When',
8-snapshot,#8 Snapshot 'Crimson Veil',
9-snapshot,#9 Snapshot 'Cloud Song',
a-drop-of-ocean,A Drop Of Ocean (SOLD),
mushrooms,A Midsummer Evening,
a440m-atlas,A400M Atlas,
airbus-a380,Airbus A380,
alcossebre-travel-poster,Alcossebre Travel Poster,"40.2452,0.2766"
alexandra-palace-travel-poster,Alexandra Palace Travel Poster,"51.5942,-0.1308"
alpine-sunrise,Alpine Sunrise,
any-given-sunday-travel-poster,Any Given Sunday art print,
armidale-travel-poster,Armidale Travel Poster,"-30.5113,151.6660"
art-from-the-heart-t-shirt-bauhaus-colourway,Art From The Heart T-Shirt - Bauhaus Colours,
art-from-the-heart-t-shirt-van-gogh-colourway,Art From The Heart T-Shirt - Van Gogh Colours,
art-from-the-heart-t-shirt-zorn-palette-stella-stanley,Art From The Heart T-Shirt - Zorn Palette Colours,
art-from-the-heart-t-shirt-monet-colourway,Art From The Heart T-Shirt Monet Colours,
art-workshop,ART WORKSHOP 'Reclaim Your Creativity' 23/11/2025,
atlantic-roller,Atlantic Roller (unframed),
blackberry-crumble-copy,Autumn Patchwork I,
planes-art-print-the-collection,Aviation Art Print - The Aircraft Collection,
avro-lancaster,Avro Lancaster,
avro-vulcan,Avro Vulcan,
b-2-spirit,B-2 Spirit,
bamburgh-castle-travel-poster,Bamburgh Castle Travel Poster,"55.6080,-1.7099"
beach-campfire,Beach Campfire,
beachley-barracks-chepstow-travel-poster,"Beachley Barracks, Chepstow Travel Poster","51.6110,-2.6510"
bedford-travel-art-print-cornflower,Bedford Travel Art Print,"52.1364,-0.4607"
ben-nevis-travel-art-poster,Ben Nevis Travel Art Poster,"56.7969,-5.0036"
berlin-marathon-art-print,Berlin Marathon Art Print,"52.5200,13.4050"
berlin-travel-poster,Berlin Travel Poster,"52.5200,13.4050"
beyond-the-wild-gorse-connected-art-series,Beyond The Wild Gorse - Connected Art Series,
birmingham-international-marathon-travel-poster,Birmingham International Marathon Travel Poster,"52.4862,-1.8904"
birmingham-travel-poster,Birmingham Travel Poster,"52.4862,-1.8904"
tropical-blossoms-iii-unframed-copy,Blackberry Crumble,
blackbird-art-print-listen-for-me-in-the-music,Blackbird Art Print - Listen For Me In The Music,
boeing-747,Boeing 747,
boeing-c-17-globemaster,Boeing C-17 Globemaster,
bolton-abbey-travel-art-print,Bolton Abbey Travel Art Print,"53.9829,-1.8890"
bow-fiddle-rock-travel-poster,Bow Fiddle Rock Travel Poster,"57.6963,-2.8523"
brancaster-beach-travel-poster,Brancaster Beach Travel Poster,"52.9730,0.6550"
bristol-blenheim,Bristol Blenheim,
british-countryside-poster,British Countryside Poster,
cairngorms-travel-poster,Cairngorms Travel Poster,"57.0833,-3.6667"
cambridge-travel-art-print-tropical,Cambridge Travel Art Print,"52.2053,0.1218"
cambridge-travel-poster,Cambridge Travel Poster,"52.2053,0.1218"
campervan-poster,Campervan Poster,
cardington-sheds-travel-poster,Cardington Sheds Travel Poster,"52.1064,-0.4206"
castle-hill-travel-poster,Castle Hill Travel Poster,"53.6260,-1.7680"
cherry-blossom-art-print,Cherry Blossom Art Print,
christmas-cards-snowy-scenes,Christmas cards - Snowy scenes,
blackberry-crumble-copy-1,Coffea Arabica,
concorde,Concorde,
concorde-print-afterburner,Concorde Print - Afterburner,
concorde-print-flying-the-flag,Concorde Print - Flying the Flag,
concorde-print-red-arrows,Concorde Print - Red Arrows,
concorde-print-into-the-sunset,Concorde Print - Supersonic Wall Art,
concorde-print-the-collection,Concorde Print - The Collection,
cornwall-travel-art-poster,Cornwall Travel Art Poster,"50.2660,-5.0527"
cream-first-cream-tea-art-print-copy,Cream First | Cream Tea | Art Print,
dartford-crossing-travel-poster,Dartford Crossing Travel Poster,"51.4646,0.2585"
dartmoor-widecombe-in-the-moor-art-print,Dartmoor Widecombe-In-The-Moor Art Print,"50.5770,-3.8120"
de-havilland-mosquito,de Havilland Mosquito,
de-havilland-vampire,de Havilland Vampire,
denby-dale-travel-poster,Denby Dale Travel Poster,"53.5700,-1.6560"
down-by-the-stream,Down By The Stream,
dudley-castle-travel-poster,Dudley Castle Travel Poster,"52.5152,-2.0789"
edinburgh-travel-poster,Edinburgh Travel Poster,"55.9533,-3.1883"
emley-moor-mast-and-temporary-mast-night-travel-poster,Emley Moor Mast and Temporary Mast - Night Travel Poster,"53.6133,-1.6657"
emley-moor-mast-night-travel-poster,Emley Moor Mast Night Travel Poster,"53.6133,-1.6657"
emley-moor-mast-travel-poster,Emley Moor Mast Travel Poster,"53.6133,-1.6657"
english-electric-lightning,English Electric Lightning,
english-fields,English fields,
eurofighter-typhoon,Eurofighter Typhoon,
f-14-tomcat,F-14 Tomcat,
f-18-hornet,F-18 Hornet,
f-22-raptor,F-22 Raptor,
f-35-lightning-ii,F-35 Lightning II,
felixstowe-travel-poster,Felixstowe Travel Poster,"51.9620,1.3510"
fibonacci-sequence-art-print,Fibonacci Sequence Art Print,
filey-travel-poster,Filey Travel Poster,"54.2106,-0.2831"
framlingham-castle-travel-poster,Framlingham Castle Travel Poster,"52.2238,1.3463"
frankfurt-marathon-travel-poster,Frankfurt Marathon Travel Poster,"50.1109,8.6821"
from-the-lookout-i,From The Lookout (I),
from-the-lookout-ii,From The Lookout (II),
gawthorpe-water-tower-travel-poster,Gawthorpe Water Tower Travel Poster,"53.6840,-1.5910"
glastonbury-festival-stained-glass-poster-print,Glastonbury Festival - Stained Glass Poster Print,"51.1460,-2.7156"
glastonbury-tote-bag,Glastonbury Tote Bag,"51.1460,-2.7156"
gloster-meteor,Gloster Meteor,
gower-travel-art-print,Gower Travel Art Print,"51.5872,-4.1843"
grafham-water-travel-poster,Grafham Water Travel Poster,"52.2960,-0.3240"
great-barford-travel-poster,Great Barford Travel Poster,"52.1580,-0.3540"
great-north-run-travel-poster,Great North Run Travel Poster,"54.9783,-1.6178"
hamnet-what-s-past-is-prologue-original-hamnet-inspired-abstract-painting,Hamnet I: What’s Past is Prologue,
hamnet-i-what-s-past-is-prologue-original-hamnet-inspired-abstract-painting,Hamnet II: Every Vein Doth Fight,
hamnet-iii-the-grief-that-does-not-speak-abstract-painting,Hamnet III: The Grief That Does Not Speak,
harrier-jump-jet,Harrier Jump Jet,
harrogate-travel-art-poster,Harrogate Travel Art Poster,"53.9921,-1.5418"
pontefract-travel-poster-copy,Harrogate Valley Gardens Travel Poster,"53.9902,-1.5543"
hawker-hurricane,Hawker Hurricane,
haworth-snow-travel-poster,Haworth Snow Travel Poster,"53.8315,-1.9564"
haworth-travel-poster,Haworth Travel Poster,"53.8315,-1.9564"
here-comes-the-sun-stained-glass-poster,Here Comes The Sun - Stained Glass Poster,
herne-bay-travel-art-print,Herne Bay Travel Art Print,"51.3710,1.1270"
hms-prince-of-wales-royal-navy-art-print,"HMS Prince Of Wales, Royal Navy Art Print",
holy-island-travel-poster,Holy Island Travel Poster,"55.6700,-1.8000"
home-sweet-home-crochet-granny-squares-art-print-retro-colours,Home Sweet Home Crochet Granny Squares Art Print,
huddersfield-town-afc-travel-poster,Huddersfield Town AFC Travel Poster,"53.6540,-1.7680"
humber-bridge-travel-poster,Humber Bridge Travel Poster,"53.7082,-0.4497"
ilkley-yorkshire-travel-print-copy,Ilkley Yorkshire Abstract Cow and Calf Art Print,"53.9240,-1.8230"
ilkley-yorkshire-travel-print,"Ilkley, Yorkshire Travel Print","53.9240,-1.8230"
ipswich-town-football-club-travel-poster,Ipswich Town Football Club Travel Poster,"52.0550,1.1440"
isles-of-scilly-travel-poster,Isles of Scilly Travel Poster,"49.9130,-6.2970"
jam-first-cream-tea-art-print,Jam First | Cream Tea | Art Print,
jodrell-bank-observatory-travel-poster,Jodrell Bank Observatory Travel Poster,"53.2360,-2.3070"
keep-em-spinning-vinyl-record-art-print,Keep Em Spinning Vinyl Record Art Print,
kefalonia-argostoli-travel-poster,Kefalonia Argostoli Travel Poster,"38.1750,20.4880"
kefalonia-fiskardo-travel-poster,Kefalonia Fiskardo Travel Poster,"38.4590,20.5750"
kefalonia-flowers-travel-poster,Kefalonia Flowers Travel Poster,"38.2500,20.6470"
kefalonia-sami-travel-poster,Kefalonia Sami Travel Poster,"38.2500,20.6470"
kellermans-travel-art-print,Kellerman's Dirty Dancing Travel Art Print,
knaresborough-travel-poster,Knaresborough Travel Poster,"54.0080,-1.4660"
lambeau-field-green-bay-travel-poster,"Lambeau Field, Green Bay Travel Poster","44.5010,-88.0620"
last-rays,Last Rays,
last-walk-of-the-day,Last walk of the day,
leeds-travel-poster,Leeds Travel Poster,"53.8008,-1.5491"
let-the-sunshine-in-art-print,Let The Sunshine In Art Print,
queen-chess-poster-print,Let Them' Art Print | The Let Them Theory,
liverpool-travel-art-print,Liverpool Travel Art Print,"53.4084,-2.9916"
llanrwst-travel-poster,Llanrwst Travel Poster,"53.1380,-3.7940"
lockheed-c-130-hercules,Lockheed C-130 Hercules,
lockheed-sr71-blackbird,Lockheed SR71 Blackbird,
london-calling,London calling,"51.5074,-0.1278"
london-city-travel-poster,London City Travel Poster,"51.5074,-0.1278"
london-marathon-travel-poster,London Marathon Travel Poster,"51.5074,-0.1278"
london-underground-art-print-district-orange-colourway,London Underground Art Print (District Orange Colourway),"51.5074,-0.1278"
london-underground-art-print-elizabeth-purple-colourway,London Underground Art Print (Elizabeth Purple Colourway),"51.5074,-0.1278"
london-underground-art-print-piccadilly-blues-colourway,London Underground Art Print (Piccadilly Blues Colourway),"51.5074,-0.1278"
london-underground-art-print-routemaster-red-colourway,London Underground Art Print (Routemaster Red Colourway),"51.5074,-0.1278"
london-underground-art-print-smoke-grey-colourway,London Underground Art Print (Smoke Grey Colourway),"51.5074,-0.1278"
london-underground-art-print-victoria-green-colourway,London Underground Art Print (Victoria Green Colourway),"51.5074,-0.1278"
london-st-pauls-cathedral-travel-poster,"London, St Paul's Cathedral Travel Poster","51.5138,-0.0984"
mach-loop-wales-travel-poster,Mach Loop Wales - Aviation Travel Poster,"52.7150,-3.8680"
madrid-spain-travel-art-print,Madrid - Spain Travel Art Print,"40.4168,-3.7038"
manchester-travel-art-print,Manchester Travel Art Print,"53.4808,-2.2426"
marathon-de-paris-travel-poster,Marathon de Paris Travel Poster,"48.8566,2.3522"
maratona-di-roma-travel-poster,Maratona di Roma Travel Poster,"41.9028,12.4964"
midnight-garden,Midnight Garden,
motown-sound-art-print,Motown Sound Art Print,
a-midsummers-evening-sold,Mushrooms,
namaste-yoga-stained-glass-poster,Namaste Yoga - Stained Glass Poster,
nearly-home,Nearly Home,
new-york-marathon-travel-poster,New York Marathon Travel Poster,"40.7128,-74.0060"
new-york-statue-of-liberty,New York Statue Of Liberty,"40.6892,-74.0445"
new-york-statue-of-liberty-snowy,New York Statue Of Liberty Snowy,"40.6892,-74.0445"
new-york-travel-poster,New York Travel Poster,"40.7128,-74.0060"
north-cornwall-coast-sold,North Cornwall Coast (SOLD),
northern-soul-keep-the-faith-poster,"Northern Soul, Keep The Faith Art Print",
on-the-edge,On The Edge,
orrest-head-travel-poster,Orrest Head Travel Poster,"54.3850,-2.9030"
out-to-sea,Out To Sea (SOLD),
oxford-travel-art-print,Oxford Travel Art Print,"51.7520,-1.2577"
parklife,Parklife,
pby-catalina,PBY Catalina,
peace-poppies-watercolour,Peace Poppies - Watercolour,
penshaw-monument-travel-poster,Penshaw Monument Travel Poster,"54.8820,-1.4810"
pittenweem-travel-poster,Pittenweem Travel Poster,"56.2130,-2.7290"
pontefract-travel-poster,Pontefract Travel Poster,"53.6910,-1.3090"
port-macquarie-travel-poster,Port Macquarie Travel Poster,"-31.4330,152.9000"
porthmeor-beach-st-ives-framed,Porthmeor Beach - St Ives (framed),
raf-tempsford-travel-poster,RAF Tempsford Travel Poster,
a-drop-of-ocean-sold-copy,Rainy Night At Euston Station,"51.5280,-0.1330"
rainy-night-at-euston-station,Rainy night at Euston station,"51.5280,-0.1330"
red-arrows,Red Arrows,
reedham-broads-travel-poster,Reedham Broads Travel Poster,"52.5640,1.5720"
down-by-the-stream-copy,Reflected Hope,
reschensee-travel-poster,Reschensee Travel Poster,"46.8120,10.5310"
roseberry-topping-travel-poster,Roseberry Topping Travel Poster,"54.5050,-1.1060"
royal-aircraft-factory-s-e-5,Royal Aircraft Factory S.E.5,
sandy-heath-transmitter-night-travel-poster,Sandy Heath Transmitter Night Travel Poster,"52.1400,-0.2380"
sandy-heath-transmitter-sunset-travel-poster,Sandy Heath Transmitter Sunset Travel Poster,"52.1400,-0.2380"
scafell-pike-travel-art-poster,Scafell Pike Travel Art Poster,"54.4540,-3.2110"
scarborough-travel-poster,Scarborough Travel Poster,"54.2830,-0.4010"
scarlet-whispers-connected-art-series,Scarlet Whispers - Connected Art Series,
sea-air,Sea Air,
seashore-sparkles,Seashore Sparkles,
september-light,September Light,
sheffield-travel-poster,Sheffield Travel Poster,"53.3811,-1.4701"
shoreline-lights,Shoreline Lights,
short-sunderland,Short Sunderland,
shrodingers-cat-art-print,Shrodinger's Cat Art Print,
skipton-yorkshire-travel-print,"Skipton, Yorkshire Travel Print","53.9620,-2.0160"
smallfield-place-travel-poster,Smallfield Place Travel Poster,"51.1570,-0.1130"
snapshot-general-pos,Snapshot GENERAL POS,
snowdon-travel-art-poster-portrait,Snowdon Travel Art Poster (Portrait),"53.0680,-4.0760"
snowdon-travel-poster,Snowdon Travel Poster,"53.0680,-4.0760"
snowy-london,Snowy London,"51.5074,-0.1278"
solomon-islands-travel-poster,Solomon Islands Travel Poster,"-9.6450,160.1560"
somewhere-in-france,Somewhere in France,
sonny,Sonny,
sopwith-camel,Sopwith Camel,
southwold-travel-poster,Southwold Travel Poster,"52.3270,1.6800"
space-shuttle,Space Shuttle,
spitfire-over-desert-middle-east-art-print,Spitfire Over Desert Middle East Art Print,
spitfire-poster,Spitfire poster,
lockheed-sr-71-blackbird-poster,SR-71 Blackbird Art Print,
st-ives-travel-poster,St Ives Travel Poster,"50.2110,-5.4800"
st-neots-oast-house-travel-poster-copy,St Neots Oast House Travel Poster,"52.2280,-0.2660"
st-neots-river-great-ouse-travel-poster,St Neots River Great Ouse Travel Poster,"52.2280,-0.2660"
st-agnes-travel-poster,St. Agnes Travel Poster,"50.3120,-5.2040"
stevenage-travel-poster,Stevenage Travel Poster,"51.9030,-0.2020"
stevenage-travel-poster-landscape,Stevenage Travel Poster (Landscape),"51.9030,-0.2020"
stonehenge-travel-poster,Stonehenge Travel Poster,"51.1780,-1.8260"
storm-over-bodmin-moor-cornwall,Storm Over Bodmin Moor - Cornwall (SOLD),
sunlit-snow-on-roof,Sunlit snow on roof,
sunset-on-st-marys-isle-of-scilly,Sunset On St Marys - Isle Of Scilly,
supermarine-spitfire,Supermarine Spitfire,
sydney-travel-poster,Sydney Travel Poster,"-33.8688,151.2093"
the-golden-age-of-steam-flying-scotsman-train-travel-poster,The Golden Age Of Steam Flying Scotsman Train Travel Poster,
the-three-peaks-ben-nevis-snowdon-scafell-pike,"The Three Peaks - Ben Nevis, Snowdon, Scafell Pike",
the-time-is-now-poster,The Time Is Now Poster,
theatre-all-the-worlds-a-stage-poster,Theatre - All The World's A Stage Poster,
theres-no-place-like-home-art-print,There's No Place Like Home Art Print,
tornado-gr1-a,Tornado GR1 A,
tropical-blossoms-1-framed,Tropical Blossoms I (framed),
tropical-blossoms-2,Tropical Blossoms II (framed),
tropical-blossoms-iii-unframed,Tropical Blossoms III (unframed),
tupolev-tu-144,Tupolev TU-144,
walton-on-the-naze-travel-poster,Walton-on-the-Naze Travel Poster,"51.8480,1.2700"
wells-next-the-sea-norfolk-travel-poster,Wells-Next-The-Sea Norfolk Travel Poster,"52.9510,0.8500"
welwyn-viaduct-travel-poster,Welwyn Viaduct Travel Poster,"51.8150,-0.1980"
west-winch-travel-poster,West Winch Travel Poster,"52.7200,0.4130"
westland-sikorsky-sea-king,Westland / Sikorsky Sea King,
westland-lysander,Westland Lysander,
wexford-travel-poster,Wexford Travel Poster,"52.3360,-6.4630"
whitby-lighthouse-travel-poster,Whitby Lighthouse Travel Poster,"54.4840,-0.5970"
whitby-snow-travel-poster,Whitby Snow Travel Poster,"54.4850,-0.6120"
whitby-travel-poster,Whitby Travel Poster,"54.4850,-0.6120"
wright-flyer,Wright Flyer,
wuthering-heights-travel-poster-top-withens-yorkshire,"Wuthering Heights Travel Poster - Top Withens, Haworth Art Print","53.8160,-2.0230"
york-snowy-travel-poster,York Snowy Travel Poster,"53.9590,-1.0810"
york-travel-poster,York Travel Poster,"53.9590,-1.0810"
yorkshire-countryside-travel-art-print,Yorkshire Countryside Travel Art Print,"54.0000,-1.5000"
yorkshire-dales-travel-poster,Yorkshire Dales Travel Poster,"54.2500,-2.1500"
yorkshire-snowy-countryside-travel-art-print,Yorkshire Snowy Countryside Travel Art Print,"54.0000,-1.5000"
yorkshire-travel-art-poster,Yorkshire Travel Art Poster,"54.0000,-1.5000"
you-can-glo-your-own-way-glo-friends-glo-worm-art-print,You can Glo your own way - Glo Friends / Glo Worm Art Print,