Handle,Title
1-snapshot,#1 Snapshot 'Light Shift'
10-snapshot,#10 Snapshot 'Glimmering Path'
11-snapshot,#11 Snapshot 'Guiding Lights'
12-snapshot,#12 Snapshot 'Harbour Lights'
13-snapshot,#13 Snapshot 'On The Rocks'
14-snapshot,#14 Snapshot 'Quiet Descent'
15-snapshot,#15 Snapshot 'Sky Awakens'
16-snapshot,#16 Snapshot 'Pink Dawn'
17-snapshot,#17 Snapshot 'New Dawn'
18-snapshot,#18 Snapshot 'Soul's Light'
19-snapshot,#19 Snapshot 'Elemental Peace'
2snapshot,#2 Snapshot 'Shadow Dance'
20-snapshot,#20 Snapshot 'Beyond The Shore'
5-snapshot-1,#21 Snapshot 'Journey Home'
22-snapshot,#22 Snapshot 'Above It All'
23-snapshot,#23 Snapshot 'A Jewelled Sky'
24-snapshot,#24 Snapshot 'Timeless Flow'
25-snapshot-copy,#25 Snapshot 'Sky Ablaze'
26-snapshot,#26 Snapshot 'Reflected Thoughts'
27-snapshot,#27 Snapshot 'Water's Edge'
28-snapshot,"#28 Snapshot ""Dream Echo'"
29-snapshot,#29 Snapshot 'Full Moon Waters'
3-snapshot,#3 Snapshot 'Washed Anew'
30-snapshot-copy,#30 Snapshot 'A Natural High'
31-snapshot,#31 Snapshot 'A Skies Goodnight'
32-snapshot,#32 Snapshot 'June's Bounty'
33-snapshot,#33 Snapshot 'Last Reflections'
34-snapshot,#34 Snapshot 'Whispering Light'
35-snapshot,#35 Snapshot 'Sheltered Soul'
36-snapshot,#36 Snapshot 'Sweet Dreams'
37-snapshot,#37 Snapshot 'Dreamer's Light'
38-snapshot,#38 Snapshot 'A Life In Colour'
39-snapshot,#39 Snapshot 'Orange Kiss'
4-snapshot,#4 Snapshot 'Soft Recall'
50-snapshot-midsummer-copy,#40 Snapshot 'Litha Glow'
41-snapshot-heading-home,#41 Snapshot 'Heading Home'
42-snapshot-beyond-the-gorse,#42 Snapshot 'Beyond The Gorse'
45-snapshot-candy-kisses-copy,#43 Snapshot 'Passing Storm'
39-snapshot-orange-kiss-copy,#44 Snapshot 'Homeward Bound'
45-snapshot-candy-kisses,#45 Snapshot 'Candy Kisses'
46-snapshot-one-for-the-road,#46 Snapshot 'One For The Road'
47-snapshot-twilight-tribe,#47 Snapshot 'Twilight Tribe'
47-snapshot-twilight-tribe-copy,#48 Snapshot 'Parma Violet Sky'
48-snapshot-parma-violet-sky-copy,#49 Snapshot 'Call Your Mom'
5-snapshot,"#5 Snapshot ""Sky Canvas'"
50-snapshot-midsummer,#50 Snapshot 'Midsummer'
48-snapshot-parma-violet-sky-copy-1,#51 Snapshot 'Emerald Sky'
51-snapshot-emerald-sky-copy,#52 Snapshot 'All The Glitters'
52-snapshot-all-the-glitters-copy,#53 Snapshot 'Fever Dream'
53-snapshot-fever-dream-copy,#54 Snapshot 'One Last Song'
54-snapshot-one-last-song-copy,#55 Snapshot 'Orange Juice'
43-snapshot-passing-storm-copy,#56 Snapshot 'Encore'
53-snapshot-fever-dream-copy-1,#57 Snapshot 'Headliner'
58-snapshot-kettles-on,#58 Snapshot 'Kettle's On'
57-snapshot-headliner-copy,#59 Snapshot 'Sun Down'
6-snapshot,#6 Snapshot 'Pure Potential'
59-snapshot-sun-down-copy,#60 Snapshot 'Summer Nights'
61-snapshot-setting-sun,#61 Snapshot 'Setting Sun'
62-snapshot-tequila-sunrise,#62 Snapshot 'Tequila Sunrise'
63-snapshot-new-beginnings,#63 Snapshot 'New Beginnings'
64-snapshot-finding-us,#64 Snapshot 'Finding Us'
65-snapshot-always-here,#65 Snapshot 'Always Here'
65-snapshot-always-here-copy,#66 Snapshot 'Leading Light'
67-snapshot-blossom-skies,#67 Snapshot 'Blossom Skies'
68-snapshot-painted-skies,#68 Snapshot 'Painted Skies'
7-snapshot,#7 Snapshot 'Way Back When'
8-snapshot,#8 Snapshot 'Crimson Veil'
9-snapshot,#9 Snapshot 'Cloud Song'
a-drop-of-ocean,A Drop Of Ocean (SOLD)
mushrooms,A Midsummer Evening
a440m-atlas,A400M Atlas
airbus-a380,Airbus A380
alcossebre-travel-poster,Alcossebre Travel Poster
alexandra-palace-travel-poster,Alexandra Palace Travel Poster
alpine-sunrise,Alpine Sunrise
any-given-sunday-travel-poster,Any Given Sunday art print
armidale-travel-poster,Armidale Travel Poster
art-from-the-heart-t-shirt-bauhaus-colourway,Art From The Heart T-Shirt - Bauhaus Colours
art-from-the-heart-t-shirt-van-gogh-colourway,Art From The Heart T-Shirt - Van Gogh Colours
art-from-the-heart-t-shirt-zorn-palette-stella-stanley,Art From The Heart T-Shirt - Zorn Palette Colours
art-from-the-heart-t-shirt-monet-colourway,Art From The Heart T-Shirt Monet Colours
art-workshop,ART WORKSHOP 'Reclaim Your Creativity' 23/11/2025
atlantic-roller,Atlantic Roller (unframed)
blackberry-crumble-copy,Autumn Patchwork I
planes-art-print-the-collection,Aviation Art Print - The Aircraft Collection
avro-lancaster,Avro Lancaster
avro-vulcan,Avro Vulcan
b-2-spirit,B-2 Spirit
bamburgh-castle-travel-poster,Bamburgh Castle Travel Poster
beach-campfire,Beach Campfire
beachley-barracks-chepstow-travel-poster,"Beachley Barracks, Chepstow Travel Poster"
bedford-travel-art-print-cornflower,Bedford Travel Art Print
ben-nevis-travel-art-poster,Ben Nevis Travel Art Poster
berlin-marathon-art-print,Berlin Marathon Art Print
berlin-travel-poster,Berlin Travel Poster
beyond-the-wild-gorse-connected-art-series,Beyond The Wild Gorse - Connected Art Series
birmingham-international-marathon-travel-poster,Birmingham International Marathon Travel Poster
birmingham-travel-poster,Birmingham Travel Poster
tropical-blossoms-iii-unframed-copy,Blackberry Crumble
blackbird-art-print-listen-for-me-in-the-music,Blackbird Art Print - Listen For Me In The Music
boeing-747,Boeing 747
boeing-c-17-globemaster,Boeing C-17 Globemaster
bolton-abbey-travel-art-print,Bolton Abbey Travel Art Print
bow-fiddle-rock-travel-poster,Bow Fiddle Rock Travel Poster
brancaster-beach-travel-poster,Brancaster Beach Travel Poster
bristol-blenheim,Bristol Blenheim
british-countryside-poster,British Countryside Poster
cairngorms-travel-poster,Cairngorms Travel Poster
cambridge-travel-art-print-tropical,Cambridge Travel Art Print
cambridge-travel-poster,Cambridge Travel Poster
campervan-poster,Campervan Poster
cardington-sheds-travel-poster,Cardington Sheds Travel Poster
castle-hill-travel-poster,Castle Hill Travel Poster
cherry-blossom-art-print,Cherry Blossom Art Print
christmas-cards-snowy-scenes,Christmas cards - Snowy scenes
blackberry-crumble-copy-1,Coffea Arabica
concorde,Concorde
concorde-print-afterburner,Concorde Print - Afterburner
concorde-print-flying-the-flag,Concorde Print - Flying the Flag
concorde-print-red-arrows,Concorde Print - Red Arrows
concorde-print-into-the-sunset,Concorde Print - Supersonic Wall Art
concorde-print-the-collection,Concorde Print - The Collection
cornwall-travel-art-poster,Cornwall Travel Art Poster
cream-first-cream-tea-art-print-copy,Cream First | Cream Tea | Art Print
dartford-crossing-travel-poster,Dartford Crossing Travel Poster
dartmoor-widecombe-in-the-moor-art-print,Dartmoor Widecombe-In-The-Moor Art Print
de-havilland-mosquito,de Havilland Mosquito
de-havilland-vampire,de Havilland Vampire
denby-dale-travel-poster,Denby Dale Travel Poster
down-by-the-stream,Down By The Stream
dudley-castle-travel-poster,Dudley Castle Travel Poster
edinburgh-travel-poster,Edinburgh Travel Poster
emley-moor-mast-and-temporary-mast-night-travel-poster,Emley Moor Mast and Temporary Mast - Night Travel Poster
emley-moor-mast-night-travel-poster,Emley Moor Mast Night Travel Poster
emley-moor-mast-travel-poster,Emley Moor Mast Travel Poster
english-electric-lightning,English Electric Lightning
english-fields,English fields
eurofighter-typhoon,Eurofighter Typhoon
f-14-tomcat,F-14 Tomcat
f-18-hornet,F-18 Hornet
f-22-raptor,F-22 Raptor
f-35-lightning-ii,F-35 Lightning II
felixstowe-travel-poster,Felixstowe Travel Poster
fibonacci-sequence-art-print,Fibonacci Sequence Art Print
filey-travel-poster,Filey Travel Poster
framlingham-castle-travel-poster,Framlingham Castle Travel Poster
frankfurt-marathon-travel-poster,Frankfurt Marathon Travel Poster
from-the-lookout-i,From The Lookout (I)
from-the-lookout-ii,From The Lookout (II)
gawthorpe-water-tower-travel-poster,Gawthorpe Water Tower Travel Poster
glastonbury-festival-stained-glass-poster-print,Glastonbury Festival - Stained Glass Poster Print
glastonbury-tote-bag,Glastonbury Tote Bag
gloster-meteor,Gloster Meteor
gower-travel-art-print,Gower Travel Art Print
grafham-water-travel-poster,Grafham Water Travel Poster
great-barford-travel-poster,Great Barford Travel Poster
great-north-run-travel-poster,Great North Run Travel Poster
hamnet-what-s-past-is-prologue-original-hamnet-inspired-abstract-painting,Hamnet I: What’s Past is Prologue
hamnet-i-what-s-past-is-prologue-original-hamnet-inspired-abstract-painting,Hamnet II: Every Vein Doth Fight
hamnet-iii-the-grief-that-does-not-speak-abstract-painting,Hamnet III: The Grief That Does Not Speak
harrier-jump-jet,Harrier Jump Jet
harrogate-travel-art-poster,Harrogate Travel Art Poster
pontefract-travel-poster-copy,Harrogate Valley Gardens Travel Poster
hawker-hurricane,Hawker Hurricane
haworth-snow-travel-poster,Haworth Snow Travel Poster
haworth-travel-poster,Haworth Travel Poster
here-comes-the-sun-stained-glass-poster,Here Comes The Sun - Stained Glass Poster
herne-bay-travel-art-print,Herne Bay Travel Art Print
hms-prince-of-wales-royal-navy-art-print,"HMS Prince Of Wales, Royal Navy Art Print"
holy-island-travel-poster,Holy Island Travel Poster
home-sweet-home-crochet-granny-squares-art-print-retro-colours,Home Sweet Home Crochet Granny Squares Art Print
huddersfield-town-afc-travel-poster,Huddersfield Town AFC Travel Poster
humber-bridge-travel-poster,Humber Bridge Travel Poster
ilkley-yorkshire-travel-print-copy,Ilkley Yorkshire Abstract Cow and Calf Art Print
ilkley-yorkshire-travel-print,"Ilkley, Yorkshire Travel Print"
ipswich-town-football-club-travel-poster,Ipswich Town Football Club Travel Poster
isles-of-scilly-travel-poster,Isles of Scilly Travel Poster
jam-first-cream-tea-art-print,Jam First | Cream Tea | Art Print
jodrell-bank-observatory-travel-poster,Jodrell Bank Observatory Travel Poster
keep-em-spinning-vinyl-record-art-print,Keep Em Spinning Vinyl Record Art Print
kefalonia-argostoli-travel-poster,Kefalonia Argostoli Travel Poster
kefalonia-fiskardo-travel-poster,Kefalonia Fiskardo Travel Poster
kefalonia-flowers-travel-poster,Kefalonia Flowers Travel Poster
kefalonia-sami-travel-poster,Kefalonia Sami Travel Poster
kellermans-travel-art-print,Kellerman's Dirty Dancing Travel Art Print
knaresborough-travel-poster,Knaresborough Travel Poster
lambeau-field-green-bay-travel-poster,"Lambeau Field, Green Bay Travel Poster"
last-rays,Last Rays
last-walk-of-the-day,Last walk of the day
leeds-travel-poster,Leeds Travel Poster
let-the-sunshine-in-art-print,Let The Sunshine In Art Print
queen-chess-poster-print,Let Them' Art Print | The Let Them Theory
liverpool-travel-art-print,Liverpool Travel Art Print
llanrwst-travel-poster,Llanrwst Travel Poster
lockheed-c-130-hercules,Lockheed C-130 Hercules
lockheed-sr71-blackbird,Lockheed SR71 Blackbird
london-calling,London calling
london-city-travel-poster,London City Travel Poster
london-marathon-travel-poster,London Marathon Travel Poster
london-underground-art-print-district-orange-colourway,London Underground Art Print (District Orange Colourway)
london-underground-art-print-elizabeth-purple-colourway,London Underground Art Print (Elizabeth Purple Colourway)
london-underground-art-print-piccadilly-blues-colourway,London Underground Art Print (Piccadilly Blues Colourway)
london-underground-art-print-routemaster-red-colourway,London Underground Art Print (Routemaster Red Colourway)
london-underground-art-print-smoke-grey-colourway,London Underground Art Print (Smoke Grey Colourway)
london-underground-art-print-victoria-green-colourway,London Underground Art Print (Victoria Green Colourway)
london-st-pauls-cathedral-travel-poster,"London, St Paul's Cathedral Travel Poster"
mach-loop-wales-travel-poster,Mach Loop Wales - Aviation Travel Poster
madrid-spain-travel-art-print,Madrid - Spain Travel Art Print
manchester-travel-art-print,Manchester Travel Art Print
marathon-de-paris-travel-poster,Marathon de Paris Travel Poster
maratona-di-roma-travel-poster,Maratona di Roma Travel Poster
midnight-garden,Midnight Garden
motown-sound-art-print,Motown Sound Art Print
a-midsummers-evening-sold,Mushrooms
namaste-yoga-stained-glass-poster,Namaste Yoga - Stained Glass Poster
nearly-home,Nearly Home
new-york-marathon-travel-poster,New York Marathon Travel Poster
new-york-statue-of-liberty,New York Statue Of Liberty
new-york-statue-of-liberty-snowy,New York Statue Of Liberty Snowy
new-york-travel-poster,New York Travel Poster
north-cornwall-coast-sold,North Cornwall Coast (SOLD)
northern-soul-keep-the-faith-poster,"Northern Soul, Keep The Faith Art Print"
on-the-edge,On The Edge
orrest-head-travel-poster,Orrest Head Travel Poster
out-to-sea,Out To Sea (SOLD)
oxford-travel-art-print,Oxford Travel Art Print
parklife,Parklife
pby-catalina,PBY Catalina
peace-poppies-watercolour,Peace Poppies - Watercolour
penshaw-monument-travel-poster,Penshaw Monument Travel Poster
pittenweem-travel-poster,Pittenweem Travel Poster
pontefract-travel-poster,Pontefract Travel Poster
port-macquarie-travel-poster,Port Macquarie Travel Poster
porthmeor-beach-st-ives-framed,Porthmeor Beach - St Ives (framed)
raf-tempsford-travel-poster,RAF Tempsford Travel Poster
a-drop-of-ocean-sold-copy,Rainy Night At Euston Station
rainy-night-at-euston-station,Rainy night at Euston station
red-arrows,Red Arrows
reedham-broads-travel-poster,Reedham Broads Travel Poster
down-by-the-stream-copy,Reflected Hope
reschensee-travel-poster,Reschensee Travel Poster
roseberry-topping-travel-poster,Roseberry Topping Travel Poster
royal-aircraft-factory-s-e-5,Royal Aircraft Factory S.E.5
sandy-heath-transmitter-night-travel-poster,Sandy Heath Transmitter Night Travel Poster
sandy-heath-transmitter-sunset-travel-poster,Sandy Heath Transmitter Sunset Travel Poster
scafell-pike-travel-art-poster,Scafell Pike Travel Art Poster
scarborough-travel-poster,Scarborough Travel Poster
scarlet-whispers-connected-art-series,Scarlet Whispers - Connected Art Series
sea-air,Sea Air
seashore-sparkles,Seashore Sparkles
september-light,September Light
sheffield-travel-poster,Sheffield Travel Poster
shoreline-lights,Shoreline Lights
short-sunderland,Short Sunderland
shrodingers-cat-art-print,Shrodinger's Cat Art Print
skipton-yorkshire-travel-print,"Skipton, Yorkshire Travel Print"
smallfield-place-travel-poster,Smallfield Place Travel Poster
snapshot-general-pos,Snapshot GENERAL POS
snowdon-travel-art-poster-portrait,Snowdon Travel Art Poster (Portrait)
snowdon-travel-poster,Snowdon Travel Poster
snowy-london,Snowy London
solomon-islands-travel-poster,Solomon Islands Travel Poster
somewhere-in-france,Somewhere in France
sonny,Sonny
sopwith-camel,Sopwith Camel
southwold-travel-poster,Southwold Travel Poster
space-shuttle,Space Shuttle
spitfire-over-desert-middle-east-art-print,Spitfire Over Desert Middle East Art Print
spitfire-poster,Spitfire poster
lockheed-sr-71-blackbird-poster,SR-71 Blackbird Art Print
st-ives-travel-poster,St Ives Travel Poster
st-neots-oast-house-travel-poster-copy,St Neots Oast House Travel Poster
st-neots-river-great-ouse-travel-poster,St Neots River Great Ouse Travel Poster
st-agnes-travel-poster,St. Agnes Travel Poster
stevenage-travel-poster,Stevenage Travel Poster
stevenage-travel-poster-landscape,Stevenage Travel Poster (Landscape)
stonehenge-travel-poster,Stonehenge Travel Poster
storm-over-bodmin-moor-cornwall,Storm Over Bodmin Moor - Cornwall (SOLD)
sunlit-snow-on-roof,Sunlit snow on roof
sunset-on-st-marys-isle-of-scilly,Sunset On St Mary's - Isle Of Scilly
supermarine-spitfire,Supermarine Spitfire
sydney-travel-poster,Sydney Travel Poster
the-golden-age-of-steam-flying-scotsman-train-travel-poster,The Golden Age Of Steam Flying Scotsman Train Travel Poster
the-three-peaks-ben-nevis-snowdon-scafell-pike,"The Three Peaks - Ben Nevis, Snowdon, Scafell Pike"
the-time-is-now-poster,The Time Is Now Poster
theatre-all-the-worlds-a-stage-poster,Theatre - All The World's A Stage Poster
theres-no-place-like-home-art-print,There's No Place Like Home Art Print
tornado-gr1-a,Tornado GR1 A
tropical-blossoms-1-framed,Tropical Blossoms I (framed)
tropical-blossoms-2,Tropical Blossoms II (framed)
tropical-blossoms-iii-unframed,Tropical Blossoms III (unframed)
tupolev-tu-144,Tupolev TU-144
walton-on-the-naze-travel-poster,Walton-on-the-Naze Travel Poster
wells-next-the-sea-norfolk-travel-poster,Wells-Next-The-Sea Norfolk Travel Poster
welwyn-viaduct-travel-poster,Welwyn Viaduct Travel Poster
west-winch-travel-poster,West Winch Travel Poster
westland-sikorsky-sea-king,Westland / Sikorsky Sea King
westland-lysander,Westland Lysander
wexford-travel-poster,Wexford Travel Poster
whitby-lighthouse-travel-poster,Whitby Lighthouse Travel Poster
whitby-snow-travel-poster,Whitby Snow Travel Poster
whitby-travel-poster,Whitby Travel Poster
wright-flyer,Wright Flyer
wuthering-heights-travel-poster-top-withens-yorkshire,"Wuthering Heights Travel Poster - Top Withens, Haworth Art Print"
york-snowy-travel-poster,York Snowy Travel Poster
york-travel-poster,York Travel Poster
yorkshire-countryside-travel-art-print,Yorkshire Countryside Travel Art Print
yorkshire-dales-travel-poster,Yorkshire Dales Travel Poster
yorkshire-snowy-countryside-travel-art-print,Yorkshire Snowy Countryside Travel Art Print
yorkshire-travel-art-poster,Yorkshire Travel Art Poster
you-can-glo-your-own-way-glo-friends-glo-worm-art-print,You can Glo your own way - Glo Friends / Glo Worm Art Print